{"cameraMode":{"drawMode":0,"name":"Shaded","section":"Shading Mode"},"sceneLighting":true,"audioPlay":false,"sceneViewState":{"showFog":true,"showMaterialUpdate":false,"showSkybox":true,"showFlares":true,"showImageEffects":true,"showParticleSystems":true},"in2DMode":false,"pivot":{"x":-29.161514282226564,"y":27.962230682373048,"z":0.39979928731918337},"rotation":{"x":-0.2767685055732727,"y":-0.6594482660293579,"z":0.2862251400947571,"w":-0.6376595497131348},"size":-5.975642204284668,"orthographic":false}